{
  "K_lon": [
    [
      -0.00038390947681473243,
      0.038158205597920325,
      -0.1203178289657809,
      -0.3200992190220016
    ],
    [
      3.1571413343231804,
      -0.021641455159206152,
      0.03449330910766915,
      -0.46659986620412197
    ]
  ],
  "x_trim_lon": [
    14.99599482400796,
    0.34661107646241984,
    0.0,
    0.023109461966604825
  ],
  "u_trim_lon": [
    -0.01466419294990724,
    0.0689738563217082
  ],
  "K_lat": [
    [
      0.019677080217490518,
      0.18528328351609216,
      0.00892611102964138,
      0.8689627477992946,
      0.7101212661177708
    ],
    [
      0.13251114864350835,
      0.005409557276265128,
      -0.5218995256625865,
      -0.23575985424393547,
      -1.1132472629736665
    ]
  ],
  "x_trim_lat": [
    0.0,
    0.0,
    0.0,
    0.0,
    0.0
  ],
  "u_trim_lat": [
    0.0,
    0.0
  ],
  "x_trim_full": [
    14.99599482400796,
    0.0,
    0.34661107646241984,
    0.0,
    0.0,
    0.0,
    0.9999332448386735,
    0.0,
    0.01155447386951453,
    0.0,
    0.0,
    0.0,
    0.0
  ],
  "u_trim_full": [
    -0.01466419294990724,
    0.0,
    0.0,
    0.0689738563217082
  ],
  "V_trim": 15.0
}